{
  "basic_stats": {
    "total_episodes": 102,
    "total_training_steps": 81600,
    "final_reward": -871.8295398466289,
    "max_reward": -511.7163817358087,
    "mean_reward": -1016.3226021945885,
    "std_reward": 231.3452541530667,
    "mean_episode_length": 200.0
  },
  "sample_efficiency": {
    "episodes_to_threshold": null,
    "steps_to_threshold": null,
    "threshold_achieved": false,
    "convergence_episode": null,
    "convergence_detected": false
  },
  "stability_metrics": {
    "reward_variance_trend": [
      {
        "episode": 100,
        "variance": 53704.56437622547,
        "mean": -1015.166847225596
      }
    ],
    "performance_drops": [],
    "final_100_episode_average": -1010.7599300131022,
    "coefficient_of_variation": 0.22762974438776926
  },
  "learning_curve_analysis": {
    "learning_rate_slope": 4.509536301764548,
    "early_performance": -1165.9707576372475,
    "late_performance": -843.2894678091286,
    "improvement_ratio": 0.7232509582984668,
    "monotonic_improvement": "True"
  },
  "training_efficiency": {
    "average_episode_time": 0.9256967376260197,
    "total_training_time": 94.421067237854,
    "steps_per_second": 864.2139131349073
  },
  "ppo_specific_metrics": {
    "policy_losses": [
      -0.001015673208712542,
      -0.001015673208712542,
      -0.001015673208712542,
      -0.001015673208712542,
      -0.001015673208712542,
      -0.001015673208712542,
      -0.001015673208712542,
      -0.001015673208712542,
      -0.001015673208712542,
      -0.001015673208712542,
      -0.0007849646950489842,
      -0.0007849646950489842,
      -0.0007849646950489842,
      -0.0007849646950489842,
      -0.0007849646950489842,
      -0.0007849646950489842,
      -0.0007849646950489842,
      -0.0007849646950489842,
      -0.0007849646950489842,
      -0.0007849646950489842,
      -0.002965332921667141,
      -0.002965332921667141,
      -0.002965332921667141,
      -0.002965332921667141,
      -0.002965332921667141,
      -0.002965332921667141,
      -0.002965332921667141,
      -0.002965332921667141,
      -0.002965332921667141,
      -0.002965332921667141,
      -0.0039738353119901145,
      -0.0039738353119901145,
      -0.0039738353119901145,
      -0.0039738353119901145,
      -0.0039738353119901145,
      -0.0039738353119901145,
      -0.0039738353119901145,
      -0.0039738353119901145,
      -0.0039738353119901145,
      -0.0039738353119901145,
      -0.0039738353119901145,
      -0.004786181470080919,
      -0.004786181470080919,
      -0.004786181470080919,
      -0.004786181470080919,
      -0.004786181470080919,
      -0.004786181470080919,
      -0.004786181470080919,
      -0.004786181470080919,
      -0.004786181470080919,
      -0.004786181470080919,
      -0.006873073884344194,
      -0.006873073884344194,
      -0.006873073884344194,
      -0.006873073884344194,
      -0.006873073884344194,
      -0.006873073884344194,
      -0.006873073884344194,
      -0.006873073884344194,
      -0.006873073884344194,
      -0.006873073884344194,
      -0.008495784681872464,
      -0.008495784681872464,
      -0.008495784681872464,
      -0.008495784681872464,
      -0.008495784681872464,
      -0.008495784681872464,
      -0.008495784681872464,
      -0.008495784681872464,
      -0.008495784681872464,
      -0.008495784681872464,
      -0.008073851297376677,
      -0.008073851297376677,
      -0.008073851297376677,
      -0.008073851297376677,
      -0.008073851297376677,
      -0.008073851297376677,
      -0.008073851297376677,
      -0.008073851297376677,
      -0.008073851297376677,
      -0.008073851297376677,
      -0.008073851297376677,
      -0.008449050203489605,
      -0.008449050203489605,
      -0.008449050203489605,
      -0.008449050203489605,
      -0.008449050203489605,
      -0.008449050203489605,
      -0.008449050203489605,
      -0.008449050203489605,
      -0.008449050203489605,
      -0.008449050203489605
    ],
    "value_losses": [
      3698.636127066612,
      3698.636127066612,
      3698.636127066612,
      3698.636127066612,
      3698.636127066612,
      3698.636127066612,
      3698.636127066612,
      3698.636127066612,
      3698.636127066612,
      3698.636127066612,
      1290.6455635547638,
      1290.6455635547638,
      1290.6455635547638,
      1290.6455635547638,
      1290.6455635547638,
      1290.6455635547638,
      1290.6455635547638,
      1290.6455635547638,
      1290.6455635547638,
      1290.6455635547638,
      534.1808934092521,
      534.1808934092521,
      534.1808934092521,
      534.1808934092521,
      534.1808934092521,
      534.1808934092521,
      534.1808934092521,
      534.1808934092521,
      534.1808934092521,
      534.1808934092521,
      312.77689216136935,
      312.77689216136935,
      312.77689216136935,
      312.77689216136935,
      312.77689216136935,
      312.77689216136935,
      312.77689216136935,
      312.77689216136935,
      312.77689216136935,
      312.77689216136935,
      312.77689216136935,
      226.11312587857248,
      226.11312587857248,
      226.11312587857248,
      226.11312587857248,
      226.11312587857248,
      226.11312587857248,
      226.11312587857248,
      226.11312587857248,
      226.11312587857248,
      226.11312587857248,
      223.1263231575489,
      223.1263231575489,
      223.1263231575489,
      223.1263231575489,
      223.1263231575489,
      223.1263231575489,
      223.1263231575489,
      223.1263231575489,
      223.1263231575489,
      223.1263231575489,
      208.1301166176796,
      208.1301166176796,
      208.1301166176796,
      208.1301166176796,
      208.1301166176796,
      208.1301166176796,
      208.1301166176796,
      208.1301166176796,
      208.1301166176796,
      208.1301166176796,
      172.82080375552178,
      172.82080375552178,
      172.82080375552178,
      172.82080375552178,
      172.82080375552178,
      172.82080375552178,
      172.82080375552178,
      172.82080375552178,
      172.82080375552178,
      172.82080375552178,
      172.82080375552178,
      162.94031188488006,
      162.94031188488006,
      162.94031188488006,
      162.94031188488006,
      162.94031188488006,
      162.94031188488006,
      162.94031188488006,
      162.94031188488006,
      162.94031188488006,
      162.94031188488006
    ],